id,time_stamp,created_at,author,favourite_count,re_tweeet_count,text,original_tweet_id,in_reply_to_screen_name,in_reply_to_status_id,in_reply_to_user_id,iso_language_code,source,user_id,conversation_id,stake_holder,
		"38583","2014-02-14 22:00:22.666","2014-02-14","yokoono","225","283","Feel that love, every day. Feel it and give to yourself and to others around you.","434444439486877698","","-1","-1","en","Sprout Social - http://sproutsocial.com","17681513","38583","f",
		"45859","2014-02-15 08:33:35.381","2014-02-15","HistoryInPics","1034","733","Rowing on the streets of Paris after the Seine River flooded, c. 1910. http://t.co/NHOamOY2Bi","434487993836240896","","-1","-1","en","<a href="http://bufferapp.com" rel="nofollow">Buffer</a>","1582853809","45859","f",
		"58830","2014-02-15 23:50:53.21","2014-02-15","arjenUK","115","339","What a pic! The crypt of Winchester Cathedral flooded. #floods http://t.co/e0WptzeAsg","434261251028705280","","-1","-1","en","Twitter for iPhone","106122686","58830","f",
		"70309","2014-02-17 09:11:10.928","2014-02-17","BBCNews","47","131","Coastal communities in Wales face being abandoned amid rising sea levels, BBC reveals http://t.co/PzZGYIweiW http://t.co/awyx8f34bv","433135878425153536","","-1","-1","en","TweetDeck","612473","70309","f",
		"75090","2014-02-17 14:30:54.073","2014-02-17","Burberry","1285","1431","British musician @Harry_Styles arrives at the #Burberry Prorsum A/W14 show #LFW http://t.co/46lITdxEYO","435412484443619328","","-1","-1","en","Twitter for iPhone","47459700","75090","f",
		"74987","2014-02-17 14:30:53.201","2014-02-17","Burberry","194","114","The Bloomsbury bag on the #Burberry A/W14 runway #LFW http://t.co/fZ1r9yNqao","435417129790476288","","-1","-1","en","Twitter for iPhone","47459700","74987","f",
		"75054","2014-02-17 14:30:53.759","2014-02-17","Burberry","517","370","Christopher Bailey joins the #Burberry models backstage after the A/W14 show #LFW http://t.co/4AJkJtKbRk","435418822003421184","","-1","-1","en","Twitter for iPhone","47459700","75054","f",
		"76511","2014-02-17 14:31:06.51","2014-02-17","1DUpdatesOnline","171","245","Burberry Harry 2012-2013-2014 http://t.co/IjHYgAYIAc (via @Go1DenUpdates)","435420271043178496","","-1","-1","et","TweetDeck","591661900","76511","f",
		"76575","2014-02-17 14:31:07.082","2014-02-17","Burberry","385","183","The #Burberry Womenswear A/W14 show starts soon - live on @Burberry #LFW http://t.co/3dQizAKtUg","435412084629991424","","-1","-1","en","<a href="http://www.socialflow.com" rel="nofollow">SocialFlow</a>","47459700","76575","f",
		"77017","2014-02-17 14:31:24.378","2014-02-17","Burberry","567","571","Personalised ponchos for the #Burberry Prorsum A/W14 finale #LFW http://t.co/ka4uvfcN5m","435418256976142338","","-1","-1","en","Twitter for iPhone","47459700","77017","f",
		"77278","2014-02-17 14:31:25.685","2014-02-17","Burberry","388","255","The A/W14 runway look from #Burberry Beauty #LFW http://t.co/Lu1kT7xRRf","435417229174509568","","-1","-1","en","Twitter for iPhone","47459700","77278","f",
		"77973","2014-02-17 14:31:28.649","2014-02-17","Burberry","182","122","Anna Wintour and Bradley Cooper  front row at the #Burberry A/W14 show #LFW http://t.co/sCpfVbWFqK","435416915696439296","","-1","-1","en","Twitter for iPhone","47459700","77973","f",
		"78264","2014-02-17 14:31:29.82","2014-02-17","1DUpdatesOnline","125","125","Harry at the Burberry show #22 http://t.co/cyU2i6zxYE","435419804623589376","","-1","-1","en","TweetDeck","591661900","78264","f",
		"79788","2014-02-17 14:31:43.555","2014-02-17","Go1DenUpdates","80","128","Burberry Harry 2012-2013-2014 http://t.co/UgPtQQ8WGd","435420153367379969","","-1","-1","et","Web","606121144","79788","f",
		"80238","2014-02-17 14:31:45.262","2014-02-17","Burberry","469","260","British musician @PalomaFaith wearing #Burberry Prorsum on the A/W14 red carpet #LFW http://t.co/OePFnpo4LW","435406901678182400","","-1","-1","en","Twitter for iPhone","47459700","80238","f",
		"81391","2014-02-17 14:31:54.078","2014-02-17","Burberry","464","359","Campaign star @Jamiebower arrives at the #Burberry show #LFW http://t.co/Pe9CcjUFFh","435409948357701632","","-1","-1","en","Twitter for iPhone","47459700","81391","f",
		"82322","2014-02-17 14:32:03.775","2014-02-17","Burberry","338","373","British model @Caradelevingne closes the #Burberry show #LFW http://t.co/V3OhT1rhiH","435417722974113792","","-1","-1","en","Twitter for iPhone","47459700","82322","f",
		"84661","2014-02-17 14:32:40.648","2014-02-17","TheCelebCulture","124","134",". @harry_styles on the @Burberry London Fashion Week red carpet #lfw http://t.co/cBQqR3YaJN","435413020705951745","","-1","-1","en","Web","1339629745","84661","f",
		"85178","2014-02-17 14:32:42.198","2014-02-17","Burberry","257","250","Front row at #Burberry with @Harry_Styles, @NaomieHarris and Mario Testino #LFW https://t.co/tzibR47q9z","435413949170077696","","-1","-1","en","<a href="http://vine.co" rel="nofollow">Vine - Make a Scene</a>","47459700","85178","f",
		"85689","2014-02-17 14:32:54.547","2014-02-17","MonicaReilly","164","176","Just met @Harry_Styles at Heathrow Terminal 5! Don't know where he is heading. He wouldn't tell me. Such a nice guy though😍","435400242239143936","","-1","-1","en","Twitter for iPhone","21695035","85689","f",
		"129537","2014-02-17 14:41:52.923","2014-02-17","1DUpdatesOnline","143","128","With legs like his, Harry should be walking the runway.","435423043843006464","","-1","-1","en","TweetDeck","591661900","129537","f",
		"129637","2014-02-17 14:41:53.875","2014-02-17","Burberry","424","382",".@Caradelevingne on the #Burberry A/W14 runway #LFW http://t.co/IGpKLiGyES","435415132030918657","","-1","-1","en","Twitter for iPhone","47459700","129637","f",
		"129885","2014-02-17 14:41:56.673","2014-02-17","Burberry","572","318","Red suede runway shoes - Valentine's gifts for men from the @Burberry accessories collection http://t.co/uKZRt3kKmj http://t.co/Gb3IVawSQ9","433103154159558656","","-1","-1","en","<a href="http://www.socialflow.com" rel="nofollow">SocialFlow</a>","47459700","129885","f",
		"130613","2014-02-17 14:42:05.123","2014-02-17","1DUpdatesOnline","262","159","Harry at the Burberry show #16 http://t.co/bxHZFPhuYz","435416725111054337","","-1","-1","en","TweetDeck","591661900","130613","f",
		"131139","2014-02-17 14:42:38.593","2014-02-17","1DFAMlLY","195","117","Harry at the Burberry show #5 http://t.co/SAEpYES20Z","435414460618903552","","-1","-1","en","Web","340671834","131139","f",
		"131517","2014-02-17 14:42:47.524","2014-02-17","1DUpdatesOnline","332","224","Harry at the Burberry show #10 http://t.co/gHK84lcuZD","435413691161247744","","-1","-1","en","TweetDeck","591661900","131517","f",
		"132166","2014-02-17 14:42:51.952","2014-02-17","Harry_Styles","103991","72865","These, these, these are my knees. http://t.co/dq47Hpq6Z0","435125872589570048","","-1","-1","en","<a href="http://instagram.com" rel="nofollow">Instagram</a>","181561712","132166","f",
		"132202","2014-02-17 14:42:52.509","2014-02-17","1DUpdatesOnline","341","252","Harry at the Burberry show #9 http://t.co/qlU2daKPiz","435413630880722944","","-1","-1","en","TweetDeck","591661900","132202","f",
		"133859","2014-02-17 14:43:12.887","2014-02-17","1DUpdatesOnline","247","158","Harry at the Burberry show #5 http://t.co/TrN8Eu6sgY","435412509152276481","","-1","-1","en","TweetDeck","591661900","133859","f",
		"133046","2014-02-17 14:43:01.809","2014-02-17","1DUpdatesOnline","191","110","Harry at the Burberry show #6 http://t.co/pz5eJzfXtm","435412598545477632","","-1","-1","en","TweetDeck","591661900","133046","f",
		"133419","2014-02-17 14:43:06.73","2014-02-17","LondonFashionWk","301","285","British musician @Harry_Styles arrives on the @burberry red carpet #LFW http://t.co/BdiGgNdYJ8","435412461681139712","","-1","-1","en","Twitter for iPhone","50627903","133419","f",
		"162571","2014-02-17 14:57:32.281","2014-02-17","Burberry","144","120","A glance backstage during the #Burberry A/W14 show - live now #LFW http://t.co/cQ0upBqW8U","435415323618340864","","-1","-1","en","Twitter for iPhone","47459700","162571","f",
		"162942","2014-02-17 14:58:30.22","2014-02-17","Burberry","363","121","British actress Felicity Jones arrives at the #Burberry A/W14 show #LFW http://t.co/B1HmWVdLFC","435407813918359552","","-1","-1","en","Twitter for iPhone","47459700","162942","f",
		"166422","2014-02-17 15:12:12.052","2014-02-17","desstyIes","98","110","“@1DUpdatesOnline: Burberry Harry 2012-2013-2014 http://t.co/KlcsWNOrkp (via @Go1DenUpdates)” His eyes have opened since 2012","435420945684369408","1DUpdatesOnline","435420271043178496","591661900","en","Twitter for iPhone","1611320900","76511","f",
		"166458","2014-02-17 15:12:14.586","2014-02-17","1DUpdatesOnline","299","178","Harry at the Burberry show https://t.co/yhcY1r8MD6","435414701984710657","","-1","-1","en","TweetDeck","591661900","166458","f",
		"166731","2014-02-17 15:13:06.304","2014-02-17","1DUpdatesOnline","306","149","Harry at the Burberry show #12 http://t.co/HmGYlubueH","435413950423777280","","-1","-1","en","TweetDeck","591661900","166731","f",
		"167431","2014-02-17 15:17:26.242","2014-02-17","chenloves1d","127","105","harry at burberry fashion shows through the years http://t.co/UZWrQkgEOV","435428875582320640","","-1","-1","en","Twitter for iPhone","1496275866","167431","f",
		"169075","2014-02-17 15:32:21.794","2014-02-17","Burberry","254","146","British actress Gabriella Wilde wearing #Burberry Make-up to attend the Prorsum S/S14 show in London #LFW http://t.co/ORYDhLm74X","380256341576921088","","-1","-1","en","<a href="http://www.socialflow.com" rel="nofollow">SocialFlow</a>","47459700","169075","f",
		"169340","2014-02-17 15:33:04.022","2014-02-17","Jamiebower","714","372","En route to the @Burberry show and yes it is being streamed live over on http://t.co/5cATwD0Lpp. X","435396352525467648","","-1","-1","en","Echofon - http://www.echofon.com/","21211181","169340","f",
		"169376","2014-02-17 15:33:06.725","2014-02-17","1D_FanUpdates","203","115","Harry just now at the Burberry show! http://t.co/QwdVuDAMaQ","435415530900836352","","-1","-1","en","Twitter for iPhone","375105733","169376","f",
		"170158","2014-02-17 15:36:01.55","2014-02-17","tompeterodell","318","105","hey I'm in Germany http://t.co/r8WnOfMYL0","435435674574278656","","-1","-1","en","Twitter for iPhone","113078447","170158","f",
		"170190","2014-02-17 15:36:09.67","2014-02-17","Burberry","447","244","#Burberry invites you to watch the A/W14 show live on Twitter - today at 2pm London time #LFW http://t.co/kTSUEb2N8r","435337875371335680","","-1","-1","en","<a href="http://www.socialflow.com" rel="nofollow">SocialFlow</a>","47459700","170190","f",
		"170452","2014-02-17 15:37:22.558","2014-02-17","FinnHarries","16142","3652","Heading to the BAFTAs with @Jacksgap and my father. Thanks to @Burberry for the lovely tux! http://t.co/RfXM4boHQt","435105430868856832","","-1","-1","en","Twitter for iPhone","313525912","170452","f",
		"170550","2014-02-17 15:37:26.972","2014-02-17","Burberry","336","302",".@CaraDelevingne leading the #Burberry models down the runway #LFW http://t.co/MIn9Pv1s6u","435434122719162369","","-1","-1","en","Web","47459700","170550","f",
		"170587","2014-02-17 15:37:40.115","2014-02-17","seasonniall","95","112","HARRY MODELING AT THE BURBERRY SHOW JUST NOW http://t.co/PfrcJi93lf","435416115267649537","","-1","-1","en","Web","1082686526","170587","f",
		"170858","2014-02-17 15:39:06.771","2014-02-17","Jamiebower","808","387","Getting Pumped for @Burberry show. I think its streaming live. x","435392206027780098","","-1","-1","en","Web","21211181","170858","f",
		"171919","2014-02-17 15:44:00.074","2014-02-17","Burberry","136","101",".@Harry_Styles, @TinieTempah and @NaomieHarris sit front row at the #Burberry show today #LFW http://t.co/LHBv4mqkus","435438518484340736","","-1","-1","en","Twitter for iPhone","47459700","171919","f",
		"172022","2014-02-17 15:44:46.917","2014-02-17","danisnotonfire","2072","916","i did not realise the cookie i was eating had a 'white chocolate drizzle' when i rested it on my suit trousers and holy cow this looks wrong","435438488821825536","","-1","-1","en","Web","40059553","172022","f",
		"172287","2014-02-17 15:45:53.178","2014-02-17","Burberry","143","103","Pigmented hues and graphic prints backstage at the #Burberry A/W14 show #LFW http://t.co/oQQPIrdu86","435433501668945921","","-1","-1","en","Twitter for iPhone","47459700","172287","f",
		"172808","2014-02-17 15:48:10.311","2014-02-17","1DFAMlLY","273","164","Harry at the Burberry Fashion Show today!  http://t.co/RnqxdsgfoM","435428664746864640","","-1","-1","en","Web","340671834","172808","f",
		"173696","2014-02-17 15:51:18.249","2014-02-17","JacksGap","4122","637","Thanks to @Burberry for providing a tux to wear tonight and for providing a pre made bow tie because I'm to clumsy to tie a real one.","435176184671133696","","-1","-1","en","Twitter for iPhone","315919021","173696","f",
		"174053","2014-02-17 15:52:33.328","2014-02-17","Burberry","246","116","British musician @TinieTempah wearing #Burberry at the A/W14 show space #LFW http://t.co/jNdIe6aOa2","435409547172511744","","-1","-1","en","Twitter for iPhone","47459700","174053","f",
		"176983","2014-02-17 16:05:53.927","2014-02-17","Burberry","220","117","A powerful crescendo for the finale - @PalomaFaith live for #Burberry A/W14 #LFW http://t.co/ej4nJdDBdp","435417867908284416","","-1","-1","en","Twitter for iPhone","47459700","176983","f",
		"178136","2014-02-17 16:11:10.664","2014-02-17","1DUpdatesOnline","233","102","Harry at the Burberry show #20 http://t.co/9USjspKk54","435419263440928768","","-1","-1","en","TweetDeck","591661900","178136","f",
		"177430","2014-02-17 16:08:24.445","2014-02-17","all1Dfacts","137","126","“@Go1DenUpdates: Burberry Harry 2012-2013-2014 http://t.co/pyA6y9jEug”","435420724694896640","","-1","-1","in","Twitter for iPhone","299150034","177430","f",
		"177853","2014-02-17 16:09:50.762","2014-02-17","TanyaBurr","1881","512","Yes guys, Harry is here :) #LFW #Burberry","435416368801144832","","-1","-1","en","Twitter for iPhone","23465218","177853","f",
		"179794","2014-02-17 16:47:58.287","2014-02-17","Burberry","303","221","Felicity Jones, @NaomieHarris, @TinieTempah and @Harry_Styles watch the #Burberry show earlier today #LFW http://t.co/yzykeo748v","435451463436075008","","-1","-1","en","Twitter for iPhone","47459700","179794","f",
		"179812","2014-02-17 16:48:03.185","2014-02-17","Jamiebower","749","607","a wonderful @Burberry show. nice to see @TinieTempah @Harry_Styles and lest we forget @matilda_lowther @sukiwaterhouse @Caradelevingne X","435452267081129985","","-1","-1","en","Web","21211181","179812","f",
		"184401","2014-02-18 19:18:02.13","2014-02-17","1DUpdatesOnline","391","178","Harry at the Burberry show #8 http://t.co/ZYoaC2LstC","435413370255077376","","-1","-1","en","TweetDeck","591661900","184401","f",
		"182616","2014-02-18 18:36:01.998","2014-02-14","BBCNews","293","359","Princes William & Harry help with flood relief effort in Berkshire http://t.co/2MGmpOt1VN #ukfloods #ukstorms http://t.co/zzs7c9TUpw","434306387074506752","","-1","-1","en","TweetDeck","612473","182616","f",
		"182623","2014-02-18 18:36:02.166","2014-02-14","TheYarnold","12755","11148","I WON THE OLYMPICS!!!!!!","434457709388529664","","-1","-1","en","Mobile Web","379090881","182623","f",
		"182699","2014-02-18 18:38:01.188","2014-02-15","BarackObama","602","557",""California is living through some of its driest years in a century." —President Obama","434492204627677184","","-1","-1","en","Web","813286","182699","f",
		"182695","2014-02-18 18:38:01.017","2014-02-15","BarackObama","831","656",""This is something that I'm very committed to. We're going to make sure to get it done, working together." —President Obama #ActOnClimate","434496847927717888","","-1","-1","en","Web","813286","182695","f",
		"182702","2014-02-18 18:38:01.359","2014-02-15","freshtodeath","19","102","Brighton seafront gets flooded.. #brighton #uk #storm #flood @BBCBreaking @BBCNews @brightonargus http://t.co/6Y748Up4Q4","434513824322842624","","-1","-1","en","Web","21859091","182702","f",
		"182726","2014-02-18 18:38:02.169","2014-02-11","garydunion","48","157","Can we talk about climate change now? #ukfloods http://t.co/Bl2yuYyn8h","433205390776365059","","-1","-1","en","TweetDeck","14900407","182726","f",
		"182740","2014-02-18 18:38:02.718","2014-02-14","QuigleyInfo","26","305","Free accommodation for anyone who is flooded - nearly all of our bkgs. cxld. due to weather. Please retweet, might be able to help someone )","434375645729009664","","-1","-1","en","Web","326200357","182740","f",
		"182789","2014-02-18 18:40:00.928","2014-02-15","D_Raval","39","241","This statement from the Dutch govt is remarkable-how can the British govt look flood victims in the eye? http://t.co/sDA1XgZSHL RT@Brackens1","434670986987048960","","-1","-1","en","HootSuite - http://www.hootsuite.com","135857034","182789","f",
		"182861","2014-02-18 18:40:03.322","2014-02-15","Kevin_Maguire","53","205","Cameron just walked out of a live @SkyNews interview on floods. Mistake or didn't like Qs about too little, too late?","434724682223591425","","-1","-1","en","Twitter for iPhone","60886384","182861","f",
		"182865","2014-02-18 18:40:03.625","2014-02-10","OwenJones84","633","1288","Hey, Daily Mail! Rather than choosing between flood defences and malnourished kids abroad, why not stop companies like er, you avoiding tax?","433003827877273600","","-1","-1","en","Web","65045121","182865","f",
		"182964","2014-02-18 18:42:03.828","2014-02-16","RealMattLucas","307","228","'Because people need to be re-educated after being told for years by you that homosexuality was wrong' is my theory. http://t.co/7JHVf8cOYV","434955869512413184","","-1","-1","en","TweetDeck","26003792","182964","f",
		"182985","2014-02-18 18:44:00.717","2014-02-16","David_Cameron","99","151","Great to see the UK's digital community coming together to develop tech solutions to respond to flooding @TechCityUK","435058596121157633","","-1","-1","en","Twitter for iPhone","103065157","182985","f",
		"183062","2014-02-18 18:44:03.098","2014-02-14","David_Cameron","74","218","In tough times we see the best of Britain - share this website connecting volunteers with those affected by floods: http://t.co/TBUqqAV1L3","434297601085952000","","-1","-1","en","TweetDeck","103065157","183062","f",
		"183184","2014-02-18 18:48:01.031","2014-02-17","1DUpdatesOnline","290","127","Harry at the Burberry show #7 http://t.co/ldoz6bZp4i","435412955984044033","","-1","-1","en","TweetDeck","591661900","183184","f",
		"183215","2014-02-18 18:48:03.084","2014-02-17","1DMofosUpdates","157","101","Burberry Harry 2012-2013-2014 http://t.co/5U0J92ht1r (via @Go1DenUpdates)","435420629026607104","Go1DenUpdates","435420153367379969","606121144","et","Twitter for iPhone","586129497","79788","f",
		"183244","2014-02-18 18:48:04.189","2014-02-17","1DSlovakia_","130","128","#NEW | Harry at the Burberry show - 17.02.2014 (10) http://t.co/gQbZtfyVuD","435413666452602880","","-1","-1","en","Web","552907561","183244","f",
		"183253","2014-02-18 18:48:04.626","2014-02-17","Burberry","393","155","British actress @smashleybell wearing #Burberry at the A/W14 show space #LFW http://t.co/QPKBb9V5zt","435405715378028544","","-1","-1","en","Twitter for iPhone","47459700","183253","f",
		"183272","2014-02-18 18:50:01.223","2014-02-17","Burberry","520","371","Anna Wintour arrives at the #Burberry Prorsum show in London #LFW http://t.co/B0kPyEJFxq","435408801077157888","","-1","-1","en","Twitter for iPhone","47459700","183272","f",
		"183521","2014-02-18 18:56:00.696","2014-02-17","guccistylxnson","240","428",""Niall smoking"
"Niall and Selena"
"Liam arrested"
"Harrys in hospital"
"Eleanor cheated on Louis"
"Zayns in LA" http://t.co/q7qpsDJeDQ","435222033937731584","","-1","-1","en","Twitter for iPad","510697644","183521","f",
		"183556","2014-02-18 18:56:02.289","2014-02-17","Burberry","290","134","British model @MissJourdanDunn wearing the #Burberry A/W14 runway make up look - one hour to go before the show #LFW http://t.co/TVUjovw0a3","435399113317044224","","-1","-1","en","Twitter for iPhone","47459700","183556","f",
		"183594","2014-02-18 18:56:03.842","2014-02-17","Burberry_Japan","1881","1075","英国人ミュージシャンのハリー・スタイルズ @Harry_Styles がバーバリー プローサム2014年秋冬のショー会場に駆けつけました #Burberry #LFW http://t.co/0yct06QwM1","435413977716105216","","-1","-1","ja","Twitter for iPad","122963262","183594","f",
		"183936","2014-02-18 19:06:02.905","2014-02-17","Burberry","226","159","The #Burberry runway, ready for the A/W14 show - live at 2pm London time #LFW http://t.co/gd5rAZRaVE","435392042852564993","","-1","-1","en","Twitter for iPhone","47459700","183936","f",
		"183982","2014-02-18 19:08:01.489","2014-02-17","Burberry","210","118","The #Burberry Beauty A/W14 look is applied backstage #LFW http://t.co/xi2VSJ6p9W","435428329387466753","","-1","-1","en","Twitter for iPhone","47459700","183982","f",
		"184045","2014-02-18 19:08:03.753","2014-02-17","Burberry","317","171","Grey skies over Kensington Gardens on the morning of the #Burberry show 9°C I 48°F #BurberryWeather #LFW http://t.co/akfoxZ0FMV","435368483011166208","","-1","-1","en","Twitter for iPhone","47459700","184045","f",
		"184158","2014-02-18 19:12:01.043","2014-02-17","teenvougezarry","53","102","can Zayn stop looking like a vogue model 

can Harry stop looking like a Burberry model 

thanks","435425990660358144","","-1","-1","en","Twitter for iPhone","964602552","184158","f",
		"184256","2014-02-18 19:14:02.251","2014-02-16","Burberry","566","266","British actor Sam Claflin and actress Laura Haddock wearing @Burberry at the #BAFTAs in London tonight http://t.co/8inh5KSkVI","435174644195151872","","-1","-1","en","Web","47459700","184256","f",
		"184388","2014-02-18 19:18:01.606","2014-02-17","1DUpdatesOnline","278","132","Harry at the Burberry show #3 http://t.co/udJi80Gabg","435412179332788224","","-1","-1","en","TweetDeck","591661900","184388","f",
		"184405","2014-02-18 19:18:02.347","2014-02-17","1DUpdatesOnline","338","129","Harry at the Burberry show #14 http://t.co/f28JCTR4yA","435416495963648001","","-1","-1","en","TweetDeck","591661900","184405","f",
		"184435","2014-02-18 19:20:01.628","2014-02-17","1DUpdatesOnline","324","140","Harry at the front row at Burberry Fashion Show  #18 http://t.co/mi8gfqerGG","435418871244140544","","-1","-1","en","TweetDeck","591661900","184435","f",
		"184448","2014-02-18 19:20:02.166","2014-02-17","1DUpdatesOnline","329","127","Harry at the front row at Burberry Fashion Show  #19 http://t.co/kJPVNFv2sl","435419035946057728","","-1","-1","en","TweetDeck","591661900","184448","f",
		"184504","2014-02-18 19:22:01.423","2014-02-17","1DScoop","216","109","Harry at the London Fashion Week Burberry show today! #5 (feb17) http://t.co/wGDyTpD1mf","435415568364339200","","-1","-1","en","Twitter for Android","607858464","184504","f",
		"184583","2014-02-18 19:24:01.636","2014-02-17","Burberry","277","155","Bradley Cooper and Anna Wintour watching the #Burberry A/W14 show in London today #LFW http://t.co/jY9j4dvCsV","435431951340961792","","-1","-1","en","Twitter for iPhone","47459700","184583","f",
		"184957","2014-02-18 19:34:02.143","2014-02-17","Burberry","592","293","Live on Twitter today, the #Burberry Womenswear A/W14 show - 2pm London time #LFW http://t.co/3dQizAKtUg","435352968083566592","","-1","-1","en","<a href="http://www.socialflow.com" rel="nofollow">SocialFlow</a>","47459700","184957","f",
		"185224","2014-02-18 19:40:03.129","2014-02-14","Harry_Styles","305428","275177","Happy Valentines Dayyyyyyy .xx","434335912131313664","","-1","-1","en","Twitter for iPhone","181561712","185224","f",
		"188051","2014-02-18 22:54:56.556","2014-02-18","SportHumour","1264","3629","#ThingsFasterThanDemichelis https://t.co/UTkrjGG6NY","435887925348155392","","-1","-1","de","Web","458638776","188051","f",
		"188188","2014-02-18 22:56:11.922","2014-02-18","FootyHumour","1040","2948","#ThingsFasterThanDemichelis http://t.co/WUu36gLWgL","435888252068048896","","-1","-1","de","Twitter for iPhone","471436748","188188","f",
		"188200","2014-02-18 22:56:15.699","2014-02-18","BigJohnTerry","519","1226","#ThingsFasterThanDemichelis Me jumping out the bedroom window when I hear Wayne Bridge's keys in the door","435888489503027200","","-1","-1","en","Web","479709882","188200","f",
		"188115","2014-02-18 22:55:22.533","2014-02-18","Footy_Jokes","149","440","#ThingsFasterThanDemichelis https://t.co/DY1PoibF6B","435900311396311040","","-1","-1","de","Twitter for Android","370536393","188115","f",
		"188152","2014-02-18 22:55:50.038","2014-02-18","FootbalIVines","1240","2985","#ThingsFasterThanDemichelis https://t.co/R0jiaN3V4k","435897263467286529","","-1","-1","de","Twitter for iPhone","1707855049","188152","f",
		"188344","2014-02-18 22:58:25.576","2014-02-18","theawayfans","78","203","#ThingsFasterThanDemichelis https://t.co/RlSwOmcX4Y","435901588767801344","","-1","-1","de","Twitter for iPhone","1107326988","188344","f",
		"188393","2014-02-18 22:59:25.836","2014-02-18","LifeOfBaha","259","575","#ThingsFasterThanDemichelis https://t.co/ftEk86w0Tk","435898084258611200","","-1","-1","de","Web","555527251","188393","f",
		"188623","2014-02-18 23:02:03.626","2014-02-18","Vine_Football","574","1862","#ThingsFasterThanDemichelis http://t.co/GBO285CoPq","435887968608583681","","-1","-1","de","TweetDeck","2288125225","188623","f",
		"188702","2014-02-18 23:03:45.364","2014-02-18","101greatgoals","322","1341","Manchester City have now deleted this Tweet... http://t.co/O6DzalgiXA","435882150122909696","","-1","-1","en","Web","11096152","188702","f",
		"188734","2014-02-18 23:04:01.254","2014-02-18","crickshouts","39","112","#ThingsFasterThanDemichelis http://t.co/yhXw0QA5PV","435892353434673152","","-1","-1","de","Twitter for iPhone","1103473416","188734","f",
		"188763","2014-02-18 23:04:28.126","2014-02-18","TSBible","505","812","#ThingsFasterThanDemichelis http://t.co/nvYP7nnTxz","435886736963420160","","-1","-1","de","Web","435225922","188763","f",
		"188850","2014-02-18 23:05:06.604","2013-04-29","MooseAllain","200","580","I wondered what Richard Branson would look like without a beard so I photoshopped it… http://t.co/zjAgY40yb4","328987331203850240","","-1","-1","en","TweetDeck","23993642","188850","f",
		"190059","2014-02-18 23:26:54.993","2014-02-18","Fxck_Reece","94","195","#ThingsFasterThanDemichelis The Undertaker's entrance to the ring.","435890526882394112","","-1","-1","en","Twitter for Android","1072439216","190059","f",
		"190157","2014-02-18 23:28:29.017","2013-05-03","StunningCars","842","1100","Audi R8 Hyper Black Edition. http://t.co/48rLZp1giI","330201079583240192","","-1","-1","sl","<a href="http://bufferapp.com" rel="nofollow">Buffer</a>","1383966032","190157","f",
		"191026","2014-02-18 23:46:52.42","2014-02-18","Goonerinho","45","112","#ThingsFasterThanDemichelis David Moyes http://t.co/WHdPP3FZi8","435887546703572992","","-1","-1","en","Twitter for iPhone","760361826","191026","f",
		"191443","2014-02-18 23:55:14.054","2014-02-18","FootyHumour","151","398","#ThingsFasterThanDemichelis http://t.co/snhr7GuPcE","435887300112052224","","-1","-1","de","Twitter for iPhone","471436748","191443","f",
		"191811","2014-02-19 00:05:58.444","2014-02-18","UKBanter","164","367","#ThingsFasterThanDemichelis http://t.co/ZfYdcql2Lp","435882626155429888","","-1","-1","de","Twitter for iPhone","740865648","191811","f",
		"191816","2014-02-19 00:05:58.462","2014-02-18","JakeHallett123","209","475","@UKBanter #ThingsFasterThanDemichelis http://t.co/rskkYkiVnn","435884311313924096","UKBanter","435882626155429888","740865648","de","Twitter for iPhone","1620505128","191811","f",
		"192361","2014-02-19 00:22:23.853","2014-02-18","UnexplainPics","447","613","This mysterious elongated creature was found dead in South Africa last year. Many believe it is an alien. http://t.co/0quZCGiqWI","435826492975501313","","-1","-1","en","Web","23696757","192361","f",
		"192580","2014-02-19 00:29:47.419","2014-02-18","pewdiepie","5014","2167","can boys get pregant?","435876392861839361","","-1","-1","en","Web","39538010","192580","f",
		"194000","2014-02-19 01:09:59.416","2014-02-07","ProblemsAtUni","514","750","Can I get two jägerbombs? 

"It's three for a fiver..?" 

I'll have nine then please!","431879989987139584","","-1","-1","en","Twitter for iPhone","1218375066","194000","f",
		"194466","2014-02-19 01:24:17.238","2014-02-01","UberFacts","3333","3078","People who dance often are likely to have higher self-esteem and a more positive outlook on life.","429611899479949312","","-1","-1","en","<a href="http://bufferapp.com" rel="nofollow">Buffer</a>","95023423","194466","f",
		"195287","2014-02-19 02:11:24.246","2014-02-13","warpzonetweets","1194","597","Way to go Australia guy! You earned it. http://t.co/MJxBbK36VY","434061934879854592","","-1","-1","en","<a href="http://bufferapp.com" rel="nofollow">Buffer</a>","196002063","195287","f",
		"195365","2014-02-19 02:17:20.829","2014-02-18","JordonMutch","62","119","“@FootbalIVines: #ThingsFasterThanDemichelis https://t.co/Cfrwk86P5k”this kid 😂😂","435897456803708928","FootbalIVines","435897263467286529","1707855049","en","Twitter for iPhone","614975468","188152","f",
		"195881","2014-02-19 02:48:00.897","2014-02-19","relate","117","144","me waking up: i can't wait to go to sleep tonight","435957113073180673","","-1","-1","en","<a href="http://bufferapp.com" rel="nofollow">Buffer</a>","623584562","195881","f",
		"195945","2014-02-19 02:54:08.433","2014-02-11","MileyCyrus","21090","9653","yummmm 🌸🌺💐🎎🌸🌺💐 #tryintofeellikeimonthebeachinthesnow http://t.co/E53LVZrdZS","433115789021831168","","-1","-1","en","Twitter for iPhone","268414482","195945","f",
		"196602","2014-02-19 03:25:08.562","2014-02-18","Adri_AA_","101","180","No cambio por nadie, pero si mejoro por quien lo merece.","435856130359967744","","-1","-1","es","Twitter for Mac","929931938","196602","f",
		"197002","2014-02-19 03:42:33.205","2014-02-18","CabronaYCelosa","132","341","Los mejores escalofríos no los produce el frío.","435871972028071937","","-1","-1","es","TweetDeck","1546720921","197002","f",
		"196920","2014-02-19 03:38:52.476","2014-02-17","selenagomez","9223","8035","Extra whip cream please! Dessert before dinner. Duh. http://t.co/Cf1QGXfL1n","435522152541196288","","-1","-1","en","<a href="http://instagram.com" rel="nofollow">Instagram</a>","23375688","196920","f",
		"197090","2014-02-19 03:51:38.266","2014-02-18","FoodPornTBH","139","140","Chocolate Chip Pancakes http://t.co/cxuGb0MUoX","435921421773328384","","-1","-1","en","Twitter for iPhone","1918431936","197090","f",
		"197193","2014-02-19 03:59:36.933","2014-02-19","realDonaldTrump","96","140","I wonder how much money dumb @BuzzFeed and even dumber Ben Smith loooose each year? They have zero credibility - totally irrelevant and sad!","435959464379056129","","-1","-1","en","Twitter for Android","25073877","197193","f",
		"197545","2014-02-19 04:30:12.839","2014-02-18","MarkKeeble_","193","145","People who have a gym in their house but don't use it... Like, do you realise how lucky you are ✋","435868296630394880","","-1","-1","en","Web","331313724","197545","f",
		"198003","2014-02-19 05:06:17.145","2014-02-17","WomensHumor","573","306","I hope your boobs sag first. #BestFriends","435495195434823680","","-1","-1","en","HootSuite - http://www.hootsuite.com","355743494","198003","f",
		"199661","2014-02-19 07:18:43.622","2014-01-27","xmenmovies","608","1346","Brand new mutant! Actor Evan Peters (@Tweetsonurface) speeds into #XMen as Quicksilver on @EmpireMagazine. #Empire25 http://t.co/535BkBdjwi","427818731658420225","","-1","-1","en","Web","211643924","199661","f",
		"200386","2014-02-19 08:32:49.295","2014-02-18","RealBobMortimer","118","109","House of Fools 10:00pm BBC2... Have a bang on that","435890914331213824","","-1","-1","en","Echofon - http://www.echofon.com/","310960217","200386","f",
		"200521","2014-02-19 08:45:10.124","2014-02-18","FutbolBible","208","420","#ThingsFasterThanDemichelis Arsene Wenger zipping his coat up","435886909853007873","","-1","-1","en","Twitter for iPhone","1123488680","200521","f",
		"201664","2014-02-19 10:07:58.25","2014-02-18","DBurke_LFC","110","240","#ThingsFasterThanDemichelis 
Kolo Toure's decision making process","435887246441717760","","-1","-1","en","Twitter for iPhone","1603665306","201664","f",
		"202730","2014-02-19 11:01:32.171","2014-02-18","Pharrell","503","315","I surprised some very special friends recently http://t.co/vPtkrJLObe #ad","435923118050123776","","-1","-1","en","Web","338084918","202730","f",
		"203053","2014-02-19 11:14:18.626","2014-02-18","Joe_Sugg","2533","486","The secret message is Don't aim for peoples heads especially Zoe's","435920302636150784","","-1","-1","en","Web","37972440","203053","f",
		"203979","2014-02-19 11:39:55.489","2014-02-17","edsheeran","24021","12511","Thanks for all the birthday wishes !","435379634012966912","","-1","-1","en","Echofon - http://www.echofon.com/","85452649","203979","f",
		"206591","2014-02-19 12:36:33.658","2014-02-18","AustinMahone","15222","8904","Yo I'm freaking starving 😤","435762993876705280","","-1","-1","en","Twitter for iPhone","196795202","206591","f",
		"207505","2014-02-19 12:54:15.443","2014-01-14","MasterCardUK","319","3193","Retweet to meet  @kylieminogue in a #PricelessMoment at her future @MasterCardUK gig! http://t.co/ARExdWKAoz http://t.co/4doZjQsxH4","422882323604832256","","-1","-1","en","Web","409176513","207505","f",
		"208474","2014-02-19 13:19:57.752","2014-02-18","TheLadBible","1074","1723","#ThingsFasterThanDemichelis Arsene Wenger zipping his coat up","435887036969783296","","-1","-1","en","TweetDeck","331311644","208474","f",
		"208808","2014-02-19 13:34:00.711","2014-02-18","clarkethorley","120","212","#ThingsFasterThanDemichelis The Undertaker's ring entrance","435887633861214208","","-1","-1","en","Twitter for iPhone","2192124730","208808","f",
		"209304","2014-02-19 13:53:44.965","2014-02-18","kylieminogue","226","182","#Lovers –I just surprised one of my fans! Here’s what happened…http://t.co/drU3Cwj5nm #PricelessSurprises","435805274675613696","","-1","-1","en","TweetDeck","63172203","209304","f",
		"209679","2014-02-19 14:13:22.986","2014-02-19","Footy_Jokes","333","1614","Clear Penalty ! http://t.co/WOVsmLuio9","435994667059269633","","-1","-1","en","<a href="http://bufferapp.com" rel="nofollow">Buffer</a>","370536393","209679","f",
		"210702","2014-02-19 15:01:02.279","2014-02-18","ThatTimWalker","31","160","Please fellow journalists do not agree to the absurd conditions for covering @BRITAwards. I've even just been told what I should tweet. No.","435905818555199488","","-1","-1","en","Web","60606206","210702","f",
		"213549","2014-02-19 17:06:44.203","2014-02-19","instagram","284","148","How I Shoot: Chasing fog in the English countryside http://t.co/yGVBfwnCjb","436181224806023168","","-1","-1","en","Web","180505807","213549","f",
		"215956","2014-02-19 18:57:16.817","2014-02-19","BRITAwards","443","208","Who's ready for this guy to perform on stage later? @pharrell @mastercarduk #pricelesssurprises #brits2014 http://t.co/i9L81ttlYK","436208820264898560","","-1","-1","en","Twitter for iPhone","88442109","215956","f",
		"216379","2014-02-19 19:12:40.705","2014-02-18","NOT_MOTD","167","407","#ThingsFasterThanDemichelis. http://t.co/fL1BwJiquG","435887432676810752","","-1","-1","de","TweetDeck","789162432","216379","f",
		"217033","2014-02-19 19:47:13.562","2014-02-19","BRITAwards","1257","865","One hour and 10 minutes to go until we are live on @ITV and @YouTube #BRITs2014","436211754847469568","","-1","-1","en","Twitter for iPhone","88442109","217033","f",
		"217992","2014-02-19 20:37:06.152","2014-02-19","JKCorden","12798","10716","Selfie x http://t.co/W3TU9khOUx","436233690826674176","","-1","-1","nl","iOS","215952307","217992","f",
		"218155","2014-02-19 20:46:51.79","2014-02-12","23KGibby","348","206","Unreal...so pumped!","433667439583191042","","-1","-1","en","Twitter for iPhone","189640708","218155","f",
		"220181","2014-02-19 21:47:42.776","2014-02-19","NiallOfficial","87101","80130","Thank you for all the votes! u guys are incredible ! #BRITs2014 #BRITsOneDirection","436243378431619073","","-1","-1","en","Web","105119490","220181","f",
		"221065","2014-02-19 22:15:56.934","2014-02-19","kylieminogue","339","134","Oh #kissmeonce #BRITS2014 😂😁#JamesCorden http://t.co/5pnJb5lzym","436262346034790401","","-1","-1","en","Twitter for iPhone","63172203","221065","f",
		"221448","2014-02-19 22:42:00.247","2014-02-19","jtimberlake","508","258","Hey NY. There is never an easy way to do this... Unfortunately, I have to postpone tonight's show to Friday due to health reasons.","436268832802369536","","-1","-1","en","Twitter for iPhone","26565946","221448","f",
		"221609","2014-02-19 22:52:50.454","2014-02-19","BRITAwards","757","371","What a way to end #BRITs2014. What was your highlight? https://t.co/D667AOKmm1","436263041999835136","","-1","-1","en","<a href="http://vine.co" rel="nofollow">Vine - Make a Scene</a>","88442109","221609","f",
		"221881","2014-02-19 23:40:53.343","2014-02-19","jtimberlake","2931","1059","I am truly sorry to everyone that have tickets for tonight. It kills me to have to do this. I hope to see you all on Friday. --JT","436269796569534465","","-1","-1","en","Twitter for iPhone","26565946","221881","f",
		"222339","2014-02-20 00:04:28.088","2014-02-19","iFlavioGomez","104","144","What did we win. -Harry Styles

CAN'T STOP LISTENING TO IT <333

ONLY YOU HARRY   https://t.co/KfQdMSBY1E  #BRITsOneDirection","436285436554928129","","-1","-1","en","Web","275642470","222339","f",
		"223006","2014-02-20 03:46:22.484","2014-02-19","FlirtyWords","1132","1154","Guys Be 21
Lookin 18
Acting 14 

Girls Be 14 
Looking 18 
Acting 21","436206171838771200","","-1","-1","en","<a href="http://bufferapp.com" rel="nofollow">Buffer</a>","611959284","223006","f",
		"223660","2014-02-20 05:32:19.913","2014-02-20","Country_Words","895","873","We're gonna do what lovers do, we're gonna have a fight or two, but I ain't ever changing my mind. -Eli Young Band","436359609654464512","","-1","-1","en","HootSuite - http://www.hootsuite.com","453510918","223660","f",
		"225606","2014-02-20 13:41:18.234","2014-02-19","JBGill","663","544","Long day today,so much going on I had no time to tweet...Brits tonight, took me back #blessed #2in1night #GodIsGood http://t.co/327mCgcjEN","436286253286580225","","-1","-1","en","Twitter for iPhone","1112205140","225606","f",
		"226955","2014-02-20 18:25:31.62","2014-01-24","MasterCard","2249","756",".@JTimberlake & MasterCard have a few surprises for you. Follow along with #PricelessSurprises to find out more! http://t.co/ODIg9Mw9Zi","426770332297355264","","-1","-1","en","Web","75014376","226955","f",
		"227974","2014-02-20 20:56:38.045","2014-02-20","5SOS","10964","7783","LOOK WHAT CAME GUYS http://t.co/xEg0vHJejE","436604797723357184","","-1","-1","en","Twitter for iPhone","264107729","227974","f",
		"228443","2014-02-20 22:12:46.995","2014-02-20","strombone1","3410","4339","Keep your friends close and your enemies closer! Goodnight! Huge game tomorrow! #ThePriceisright http://t.co/Aa5QpLCL8e","436600654464057344","","-1","-1","en","Twitter for iPhone","328810158","228443","f",
		"229755","2014-02-21 06:16:24.07","2014-02-21","FallonTonight","595","361","Tomorrow night: @jtimberlake is our guest! #FallonTonight","436741377360420864","","-1","-1","en","Web","19777398","229755","f",
		"230138","2014-02-21 09:15:16.637","2014-02-21","RealBobMortimer","74","140","Awake with a face like an unkempt chod... like a disgruntled monk... like an explosion in a grout factory etcs","436783736605409280","","-1","-1","en","Echofon - http://www.echofon.com/","310960217","230138","f",
		"234686","2014-02-22 05:18:14.906","2014-02-22","FallonTonight","275","171","Buffalo, NY! @jtimberlake has a message just for you. TUNE IN NOW #FallonTonight","437092536403120128","","-1","-1","en","Web","19777398","234686","f",
		"231193","2014-02-21 14:49:55.835","2014-02-21","FallonTonight","770","531","TONIGHT: Our pal @Jtimberlake is on the show! So excited! #FallonTonight","436850398142672896","","-1","-1","en","HootSuite - http://www.hootsuite.com","19777398","231193","f",
		"231393","2014-02-21 15:38:55.108","2014-02-21","tyleroakley","584","184","25 minutes until my new http://t.co/uOGMdpJWmL video with @RickyPDillon! Who is READY?! Reply "YES QUEEN" if you'll be first to watch!","436887035052179457","","-1","-1","en","Web","14222536","231393","f",
		"233119","2014-02-21 20:54:34.415","2014-02-21","jimmyfallon","2651","1158","Finishing out the first week with @jtimberlake. Gonna be good. Also, we're on at 1130 tonight. Olympics, news, then us. #FallonTonight","436943291553439744","","-1","-1","en","Web","15485441","233119","f",
		"233839","2014-02-21 22:48:24.786","2014-02-21","jtimberlake","1098","617","It's on..... @fallontonight http://t.co/Fs86GRSaEh","436992776132362240","","-1","-1","en","<a href="http://instagram.com" rel="nofollow">Instagram</a>","26565946","233839","f",
		"233866","2014-02-21 22:53:18.034","2014-02-21","Castle_ABC","608","353","This next case has Castle a bit perplexed! http://t.co/M0CQyj80XF","436682441907253248","","-1","-1","en","<a href="http://www.sprinklr.com" rel="nofollow">Sprinklr</a>","44953111","233866","f",
		"234669","2014-02-22 05:08:41.696","2014-02-22","FallonTonight","1172","1333","HISTORY OF RAP 5 #FallonTonight","437086894963572736","","-1","-1","en","Web","19777398","234669","f",
		"235558","2014-02-22 16:09:28.052","2014-02-22","FallonTonight","266","171",".@JTimberlake has a special message for the people of Buffalo, NY: http://t.co/MaXj5SsbjB","437234401978908672","","-1","-1","en","HootSuite - http://www.hootsuite.com","19777398","235558","f",
		"235577","2014-02-22 16:39:32.354","2014-02-22","jimmyfallon","3366","2946","Ohhhhhhh noooooo - History of Rap 5! http://t.co/wK45yo7mbJ","437249055727828992","","-1","-1","en","iOS","15485441","235577","f",
		"236182","2014-02-22 20:57:10.691","2014-02-22","wa_status","1554","11592","sorry we currently experiencing server issues.  we hope to be back up and recovered shortly.","437319926605680640","","-1","-1","en","Web","114894699","236182","f",
		"237043","2014-02-23 14:04:05.391","2014-02-23","Glasgow2014","50","479","Today is exactly 5 months / #150DaysToGo until the Games! RT to win a wristband: http://t.co/wXNaeaY5FR http://t.co/CQ9D2WFVzM","437565006452756482","","-1","-1","en","Sprout Social - http://sproutsocial.com","22643590","237043","f",
		"237385","2014-02-23 17:12:29.356","2014-02-22","RealBobMortimer","713","546","Just had a rush of sadness about the way Howard Moon is treated in the Boosh.. It happens from time to time","437286676566917123","","-1","-1","en","Echofon - http://www.echofon.com/","310960217","237385","f",
		"237707","2014-02-23 20:04:36.427","2014-02-23","RealBobMortimer","211","388","SCOTLAND: You have the chance to rid yourselves of this filth. FOREVER! #jealous http://t.co/ztfRYNMFrJ","437677592389644288","","-1","-1","en","Echofon - http://www.echofon.com/","310960217","237707","f",
		"240299","2014-02-24 23:21:18.466","2014-01-27","MasterCard","2244","1786","A surprise from the man himself, @JTimberlake?! Tweet w/ #PricelessSurprises for a chance. http://t.co/ZAmGbNLPa1 http://t.co/tk84hjR0In","427651147629740033","","-1","-1","en","Web","75014376","240299","f",
		"241543","2014-02-25 09:52:21.413","2014-02-24","DeniseLaird3","43","122","Best labelling ever on a shoe box ?! http://t.co/sgbc2Eb44r","438018205207232512","","-1","-1","en","Twitter for Android","2292306975","241543","f",
		"243229","2014-04-29 13:33:58.485","2014-04-19","MasterCard","328","158","Last chances for a surprise from the man himself, @JTimberlake! Tweet w/#PricelessSurprises by April 30th! http://t.co/luWTSjtABj","457519047697907714","","-1","-1","en","<a href="http://adobe.com" rel="nofollow">Adobe® Social</a>","75014376","243229","f",
		"243393","2014-04-29 15:30:52.587","2014-04-23","MasterCard","329","138","How would you like a chance to meet @JTimberlake? Tag your tweets w/#PricelessSurprises by 4/30 and you could get it! http://t.co/lBlnSdwPl6","458968558144217088","","-1","-1","en","<a href="http://adobe.com" rel="nofollow">Adobe® Social</a>","75014376","243393","f",
		